Model,Dataset,R2,RMSE
lasso,combined,-360439.3312018674,302006.2840612441
ridge,combined,-460461.75092480733,341347.3546731443
GradientBoostingRegressor,combined,0.9072401315961199,153.20726211777216
lasso,original,-18111.797409836247,67700.52779756003
ridge,original,-32846.00245060181,91168.99368660217
GradientBoostingRegressor,original,0.9041922133798375,155.7039726055221
lasso,other,0.061620453268479314,487.29118625415913
ridge,other,0.06745078416701211,485.77501102517635
GradientBoostingRegressor,other,0.11919676303698612,472.10515292673796
